Allele	HumanBLCL_Perreault	HumanPBMCs_Gujar	HumanB721_Wu
HLA-A0101	1	1	1
HLA-A0201	1	1	1
HLA-A0203	0	0	1
HLA-A0204	0	0	1
HLA-A0207	0	0	1
HLA-A0301	1	1	1
HLA-A1101	1	1	0
HLA-A2402	1	1	1
HLA-A2902	1	1	1
HLA-A3101	0	0	1
HLA-A6802	0	0	1
HLA-B0702	1	1	0
HLA-B2705	1	1	0
HLA-B3501	1	1	1
HLA-B3901	0	1	0
HLA-B4402	1	1	1
HLA-B4403	1	0	1
HLA-B5101	0	1	1
HLA-B5401	0	0	1
HLA-B5701	1	0	1
HLA-A2301	1	0	0
HLA-A3201	1	0	0
HLA-B0801	1	0	0
HLA-B1402	1	0	0
HLA-B1501	1	0	0
HLA-B1801	1	0	0
HLA-B4501	1	0	0
HLA-B7301	1	0	0
HLA-B1302	1	0	0
HLA-B1803	1	0	0
HLA-B3924	1	0	0
HLA-B4001	1	0	0
HLA-B4101	1	0	0
HLA-B5001	1	0	0
HLA-B5601	1	0	0
HLA-C0701	1	0	0
HLA-C1505	1	0	0
HLA-C0702	1	0	0
HLA-C1601	1	0	0
HLA-C0501	1	0	0
HLA-C0303	1	0	0
Total	33	12	16
